CP PtP Param;V5.1 + SP15;K05.01.15.00_01.03.00.01;K5.1.15.0;
S7 Distributed Safety Programming;V5.4 + SP5;K5.4.5.0_3.5.0.2;K5.4.5.0;
FM352-5 Programming Environment;V1.2 + SP4;K1.2.4.0_1.5.0.1;K1.2.4.0;
HMI PRO CS V07.03.00.45;07.03.00.45;07.03.00.45;07.03.00.45;
HMI PRO RT V07.03.00.11;07.03.00.11;07.03.00.11;07.03.00.11;
HMI PRO RT VSL04.05.02.02;SL04.05.02.02;SL04.05.02.02;SL04.05.02.02;
HMI PRO RT VSL04.05.03.11;SL04.05.03.11;SL04.05.03.11;SL04.05.03.11;
SIMATIC WinCC flexible Runtime;2008 SP5 Upd2;K01.05.00.02_01.06.00.27;K1.5.0.2;
Automation License Manager;V6.0 + SP9 + Upd4;06.00.09.04_01.01.00.03;K6.0.9.4;
NC-VAR-Selector;V10.1 + SP3;V010.01.03.00_0.0.0.0;V10.01.0300;
SIMATIC OPC-XML-Gateway;V13.0;V13.0.0.0_1.1.0.8;V13.0.0.0;
SINUMERIK Add-on for STEP 7;V5.5 + SP4 + HF25;V5.5.4.25_0.0.0.0;V5.5.4.25;
S7-PLCSIM  ;V5.4 + SP8;V05.04.08.01_01.24.00.01;K5.4.8.1;
PLC Symbols Generator;V1.6 + HF7;V01.06.00.07_0.0.0.0;V01.06.0007;
SIMATIC ProSave;V17.0 Upd1;V17.00.00.01_07.01.00.01;V17.00.00.01;
SIMATIC S7-Block Privacy;V1.0 + SP4;K1.0.4.0_9.1.0.1;K1.0.4.0;
FM 351/451 Abs;V6.0 + SP3;K6.0.3.0_1.5.0.1;K6.0.3.0;
FM 352/452 Cam;V6.0 + SP4;K6.0.4.0_1.5.0.1;K6.0.4.0;
FM 350-2 Counter Function Module;V6.0 + SP3;K6.0.3.0_1.5.0.1;K6.0.3.0;
FM 350-1/450-1 Counter;V6.0 + SP3;K6.0.3.0_1.5.0.1;K6.0.3.0;
FM 355/455 PID Control;V6.1 + SP3;K6.1.3.0_1.5.0.1;K6.1.3.0;
S7 F ConfigurationPack;V5.5 + SP13;K5.5.13.0_7.1.0.1;K5.5.13.0;
FM 355-2 Temperature Control;V6.1 + SP3;K6.1.3.0_1.5.0.1;K6.1.3.0;
SIMATIC S7-GRAPH;V5.6 + SP2;K5.6.2.0_3.1.0.1;K5.6.2.0;
S7-PCT;V3.5 SP3 Upd1;K3.5.3.1_1.3.0.1;K3.5.3.1;
SIMATIC S7-SCL;V5.6;V5.6.0.0_11.1.0.1;V5.6.0.0;
Access MyMachine P2P (PC) 4.7 SP1;04.07.0100;---;---;
Access MyMachine P2P (PC) 4.9;04.09.0300;---;---;
SINUMERIK Installdisk;01.00.01.00;---;---;
STEP 7;V5.6 + SP2;K5.6.2.0_9.1.0.1;K5.6.2.0;
SIMATIC S7-Web2PLC;V1.0 + SP3;K1.0.3.0_8.1.0.1;K1.0.3.0;
SIMATIC WinCC flexible;2008 SP5 Upd2;K01.05.00.02_01.06.00.27;K1.5.0.2;
SIMATIC WinCC flexible;2008 SP5 Upd2;K01.05.00.02_01.06.00.27;K1.5.0.2;
Automation Access Control Component;4.0;K04.00.01.00_01.01.00.01;---;
SIMATIC Colour Editor;5.2.2.0;K5.2.2.0_2.1.0.1;---;
Drive ES SlaveOM;6.1.1.2;V06.01.01.02_05.10.42.05;---;
License Logon Interface;4.0;K04.00.03.00_01.01.00.02;---;
SIEMENS OPC;3.9;03.09.07.00_01.05.00.01;---;
OPC-XML-Gateway;13.0.0.0;V13.0.0.0_1.1.0.8;---;
SIMATIC HMI ProSave;17.0.0.1;V17.00.00.01_07.01.00.01;---;
SIMATIC HMI Symbol Library;16.0.0.0;V16.00.00.00_31.02.00.01;---;
SIMATIC HMI Touch Input;14.0.1.0;V14.00.01.00_12.01.00.01;---;
SIMATIC Version View;1.7.12.0;K1.7.12.0_1.1.0.1;---;
SIMATIC Common Services;5.3.15.0;K5.3.15.0_1.1.0.1;---;
SIMATIC Device Drivers WoW;29.2;29.02.06.00_01.01.00.09;---;
SIMATIC Event Database;5.6;05.06.02.00_01.01.00.01;---;
SIMATIC GRAPH-Visualisierung;5.2.4.0;K5.2.4.0_1.1.0.1;---;
SIMATIC GSD CONTROL;3.5.7.0;K3.5.7.0_2.1.0.1;---;
SIMATIC GSD Interpreter;2.8.2.0;K2.8.2.0_1.1.0.1;---;
SIMATIC Interface Editor;5.4.23.0;K5.4.23.0_2.1.0.1;---;
SIMATIC Extended Interfaces;5.4.7.0;K5.4.7.0_2.1.0.1;---;
SIMATIC LanguageSupportTool;5.8.4.0;K5.8.4.0_2.1.0.1;---;
SIMATIC Condition Editor;5.6.2.0;K5.6.2.0_1.1.0.1;---;
SIMATIC NCM;5.6.2.0;K5.6.2.0_9.1.0.1;---;
SIMATIC Process Diagnosis Base;5.6.2.1;K5.6.2.1_1.1.0.1;---;
SIMATIC Process Diagnosis Database;5.6.2.0;K5.6.2.0_1.1.0.1;---;
SIMATIC DIAGNOSTIC REPEATER GUI CTRL;5.2.3.0;K5.2.3.0_1.1.0.1;---;
SIMATIC Grid Control;2.6.0.0;V2.6.0.0_2.1.0.1;---;
SIMATIC S7-Status-OCX;5.3.14.0;K5.3.14.0_1.1.0.1;---;
SIMATIC Technological Parameter Assignment;5.3.12.0;K5.3.12.0_3.1.0.1;---;
SIMATIC X-Ref Control;5.2.10.0;K5.2.10.0_1.1.0.1;---;
SIMATIC STEP 7 Help Viewer;1.0.4.0;K1.0.4.0_1.1.0.1;---;
SIMATIC SCL Compiler;5.6.0.0;V5.6.0.0_11.1.0.1;---;
SIMOTION DeviceOM;5.1.1.2;V05.01.01.02_05.10.42.05;---;
SIMOTION OM;5.1.1.2;V05.01.01.02_05.10.42.05;---;
SINUMERIK NCU OM;5.1.1.2;V05.01.01.02_05.10.42.05;---;
DSP STARTER V5.1.1.2;5.1.1.2;V05.01.01.02_05.10.42.04;---;
SIMATIC SCS;V07.03.00.00;V07.03.00.00_01.13.00.03;---;
SIMATIC WinCC flexible OCX;1.5.0.2;K1.5.0.2_1.1.0.3;---;
SIMATIC WinCC flexible Simulator;1.8.3.7;K1.8.3.7_1.1.0.3;---;
SIMATIC WinCC flexible Tag Simulator;1.5.0.0;V1.5.0.0_1.11.0.6;---;
